Credit Union Name,Home site
Addition Financial,www.additionfi.com
ACT 1st Federal Credit Union,www.act1stfcu.org
Affinity Federal Credit Union,www.affinitycu.ca
Affinity Plus Federal Credit Union,www.affinityplus.org
AFLâ€“CIO Employees Federal Credit Union,www.aflcioefcu.org
Alaska USA Federal Credit Union[18],www.globalcu.org
Alliant Credit Union[19],www.alliantcreditunion.org
America First Credit Union[20],www.americafirst.com
Apple Federal Credit Union,www.applefcu.org
Ascend Federal Credit Union,www.ascend.org
Associated Credit Union,www.acuonline.org
Atlanta Postal Credit Union,www.apcu.com
BECU,www.becu.org
Pentagon Federal Credit Union,www.penfed.org
Bethpage Federal Credit Union,www.bethpagefcu.com
Boulder Dam Credit Union,www.boulderdamcu.org
Buckeye State Credit Union,www.buckeyecu.org
Cascade Community Federal Credit Union,www.cascadecu.org
California Credit Union,www.ccu.com
Call Federal Credit Union,www.callfederal.org
Caltech Employees Federal Credit Union,www.caltechefcu.org
Chartway Federal Credit Union,www.chartway.com
Christian Community Credit Union,www.mycccu.com
Citizens Equity First Credit Union,www.cefcu.com
Clearview Federal Credit Union,www.clearviewfcu.org
Coastal Federal Credit Union,www.coastal24.com
Commonwealth Credit Union,www.ccuky.org
CommunityAmerica Credit Union,www.communityamerica.com
Community First Credit Union,www.communityfirstcu.org
Consumers Credit Union,www.consumerscu.org
CoVantage Credit Union,www.covantagecu.org
Credit Union 1 (Alaska)[23],answers.cu1.org
Credit Union 1 (Illinois),www.creditunion1.org
Dakotaland Federal Credit Union,www.dakotalandfcu.com
Del-One,www.del-one.org
Del Norte Credit Union,www.dncu.com
Delta Community Credit Union,www.deltacommunitycu.com
Denali Alaskan Federal Credit Union[24],nuvisionfederal.com
Desert Financial Credit Union,www.desertfinancial.com
DFCU Financial,www.dfcufinancial.com
Digital Federal Credit Union,www.dcu.org
DuTrac Community Credit Union,www.dutrac.org
Eastman Credit Union,www.ecu.org
Ent Credit Union,www.ent.com
Envision Credit Union,www.envisionfinancial.ca
ESL Federal Credit Union,www.esl.org
Fairwinds Credit Union,www.fairwinds.org
First Citizens' Federal Credit Union,www.firstcitizens.org
First Entertainment Credit Union,www.firstent.org
First Tech Federal Credit Union,www.firsttechfed.com